senderID,AlertTime
458,2025-01-24 13:35:00
242,2025-01-17 11:09:00
265,2025-01-31 11:44:00
132,2025-01-18 18:25:00
6,2025-01-19 18:47:00
254,2025-01-19 15:41:00
32,2025-01-22 15:46:00
39,2025-01-12 12:49:00
132,2025-01-25 16:52:00
438,2025-01-27 16:54:00
181,2025-01-13 14:08:00
331,2025-01-26 14:53:00
39,2025-01-23 11:52:00
161,2025-01-16 16:33:00
211,2025-01-04 11:56:00
113,2025-01-09 13:44:00
458,2025-01-25 17:27:00
17,2025-01-13 11:54:00
432,2025-01-03 17:45:00
91,2025-01-04 15:37:00
149,2025-01-31 17:41:00
466,2025-01-28 12:44:00
499,2025-01-17 17:31:00
437,2025-01-22 15:32:00
245,2025-01-28 16:27:00
92,2025-01-27 15:41:00
23,2025-01-23 18:00:00
466,2025-01-10 17:01:00
436,2025-01-29 10:56:00
23,2025-01-29 17:43:00
164,2025-01-09 15:28:00
164,2025-01-04 16:04:00
160,2025-01-25 12:03:00
123,2025-01-07 13:41:00
294,2025-01-10 14:00:00
179,2025-01-16 12:56:00
271,2025-01-23 13:23:00
11,2025-02-01 18:48:00
357,2025-01-07 17:38:00
245,2025-01-23 13:11:00
