-- MySQL dump 10.13  Distrib 5.7.24, for osx11.1 (x86_64)
--
-- Host: localhost    Database: MYSKL2
-- ------------------------------------------------------
-- Server version	8.0.40

/*!40101 SET @OLD_CHARACTER_SET_CLIENT=@@CHARACTER_SET_CLIENT */;
/*!40101 SET @OLD_CHARACTER_SET_RESULTS=@@CHARACTER_SET_RESULTS */;
/*!40101 SET @OLD_COLLATION_CONNECTION=@@COLLATION_CONNECTION */;
/*!40101 SET NAMES utf8 */;
/*!40103 SET @OLD_TIME_ZONE=@@TIME_ZONE */;
/*!40103 SET TIME_ZONE='+00:00' */;
/*!40014 SET @OLD_UNIQUE_CHECKS=@@UNIQUE_CHECKS, UNIQUE_CHECKS=0 */;
/*!40014 SET @OLD_FOREIGN_KEY_CHECKS=@@FOREIGN_KEY_CHECKS, FOREIGN_KEY_CHECKS=0 */;
/*!40101 SET @OLD_SQL_MODE=@@SQL_MODE, SQL_MODE='NO_AUTO_VALUE_ON_ZERO' */;
/*!40111 SET @OLD_SQL_NOTES=@@SQL_NOTES, SQL_NOTES=0 */;

--
-- Table structure for table `Agreements`
--

DROP TABLE IF EXISTS `Agreements`;
/*!40101 SET @saved_cs_client     = @@character_set_client */;
/*!40101 SET character_set_client = utf8 */;
CREATE TABLE `Agreements` (
  `ratorID` int NOT NULL,
  `rateeID` int NOT NULL,
  `TableID` char(4) NOT NULL,
  `AgrRate` int DEFAULT '-1',
  `AgrDate` date NOT NULL,
  PRIMARY KEY (`ratorID`,`rateeID`,`TableID`),
  KEY `rateeID` (`rateeID`),
  KEY `TableID` (`TableID`),
  CONSTRAINT `agreements_ibfk_1` FOREIGN KEY (`ratorID`) REFERENCES `Students` (`StudentID`),
  CONSTRAINT `agreements_ibfk_2` FOREIGN KEY (`rateeID`) REFERENCES `Students` (`StudentID`),
  CONSTRAINT `agreements_ibfk_3` FOREIGN KEY (`TableID`) REFERENCES `TableDetails` (`TableID`)
) ENGINE=InnoDB DEFAULT CHARSET=utf8mb4 COLLATE=utf8mb4_0900_ai_ci;
/*!40101 SET character_set_client = @saved_cs_client */;

--
-- Dumping data for table `Agreements`
--

LOCK TABLES `Agreements` WRITE;
/*!40000 ALTER TABLE `Agreements` DISABLE KEYS */;
INSERT INTO `Agreements` VALUES (12,177,'0012',1,'2025-01-17'),(16,384,'0336',1,'2025-01-05'),(17,197,'0231',1,'2025-01-25'),(27,89,'0112',2,'2025-01-09'),(30,387,'0313',3,'2025-01-09'),(31,69,'0330',1,'2025-01-21'),(36,322,'0245',5,'2025-01-30'),(44,128,'0325',1,'2025-01-04'),(49,279,'0114',4,'2025-01-11'),(50,120,'0107',3,'2025-01-09'),(63,264,'0346',2,'2025-01-31'),(69,31,'0330',1,'2025-01-21'),(73,425,'0105',2,'2025-01-07'),(76,302,'0201',1,'2025-01-23'),(78,440,'0237',2,'2025-01-02'),(79,297,'0220',4,'2025-02-01'),(83,369,'0312',5,'2025-01-24'),(89,27,'0112',3,'2025-01-09'),(90,393,'0219',2,'2025-01-13'),(95,367,'0222',3,'2025-01-18'),(114,416,'0021',3,'2025-01-30'),(118,233,'0222',5,'2025-01-21'),(120,50,'0107',4,'2025-01-09'),(122,238,'0008',2,'2025-01-27'),(128,44,'0325',4,'2025-01-04'),(131,163,'0336',4,'2025-02-01'),(155,298,'0312',3,'2025-01-02'),(157,381,'0029',4,'2025-01-13'),(163,131,'0336',3,'2025-02-01'),(170,418,'0003',1,'2025-01-07'),(177,12,'0012',3,'2025-01-17'),(179,231,'0247',2,'2025-01-02'),(182,353,'0350',1,'2025-01-30'),(185,457,'0347',3,'2025-01-19'),(189,389,'0009',3,'2025-01-20'),(197,17,'0231',5,'2025-01-25'),(209,295,'0343',1,'2025-01-06'),(215,413,'0121',5,'2025-01-20'),(218,269,'0226',3,'2025-01-06'),(231,179,'0247',2,'2025-01-02'),(233,118,'0222',5,'2025-01-21'),(238,122,'0008',3,'2025-01-27'),(244,354,'0113',3,'2025-01-25'),(264,63,'0346',4,'2025-01-31'),(269,218,'0226',1,'2025-01-06'),(279,49,'0114',2,'2025-01-11'),(295,209,'0343',1,'2025-01-06'),(297,79,'0220',2,'2025-02-01'),(298,155,'0312',3,'2025-01-02'),(302,76,'0201',3,'2025-01-23'),(320,488,'0333',2,'2025-01-13'),(322,36,'0245',5,'2025-01-30'),(328,360,'0024',4,'2025-01-08'),(350,390,'0225',1,'2025-01-22'),(353,182,'0350',3,'2025-01-30'),(354,244,'0113',1,'2025-01-25'),(360,328,'0024',1,'2025-01-08'),(367,95,'0222',4,'2025-01-18'),(369,83,'0312',2,'2025-01-24'),(381,157,'0029',4,'2025-01-13'),(384,16,'0336',4,'2025-01-05'),(387,30,'0313',3,'2025-01-09'),(389,189,'0009',4,'2025-01-20'),(390,350,'0225',2,'2025-01-22'),(393,90,'0219',2,'2025-01-13'),(413,215,'0121',3,'2025-01-20'),(416,114,'0021',4,'2025-01-30'),(418,170,'0003',1,'2025-01-07'),(422,430,'0119',5,'2025-01-25'),(425,73,'0105',1,'2025-01-07'),(430,422,'0119',5,'2025-01-25'),(433,461,'0124',1,'2025-01-04'),(439,464,'0245',2,'2025-01-13'),(440,78,'0237',3,'2025-01-02'),(457,185,'0347',1,'2025-01-19'),(461,433,'0124',4,'2025-01-04'),(464,439,'0245',3,'2025-01-13'),(479,499,'0123',3,'2025-01-28'),(488,320,'0333',4,'2025-01-13'),(499,479,'0123',4,'2025-01-28');
/*!40000 ALTER TABLE `Agreements` ENABLE KEYS */;
UNLOCK TABLES;

--
-- Table structure for table `Alarms`
--

DROP TABLE IF EXISTS `Alarms`;
/*!40101 SET @saved_cs_client     = @@character_set_client */;
/*!40101 SET character_set_client = utf8 */;
CREATE TABLE `Alarms` (
  `senderID` int NOT NULL,
  `AlertTime` datetime NOT NULL,
  PRIMARY KEY (`senderID`,`AlertTime`),
  CONSTRAINT `alarms_ibfk_1` FOREIGN KEY (`senderID`) REFERENCES `PremiumStudents` (`StudentID`)
) ENGINE=InnoDB DEFAULT CHARSET=utf8mb4 COLLATE=utf8mb4_0900_ai_ci;
/*!40101 SET character_set_client = @saved_cs_client */;

--
-- Dumping data for table `Alarms`
--

LOCK TABLES `Alarms` WRITE;
/*!40000 ALTER TABLE `Alarms` DISABLE KEYS */;
INSERT INTO `Alarms` VALUES (6,'2025-01-19 18:47:00'),(11,'2025-02-01 18:48:00'),(17,'2025-01-13 11:54:00'),(17,'2025-02-01 10:32:00'),(23,'2025-01-23 18:00:00'),(23,'2025-01-29 17:43:00'),(23,'2025-02-01 13:03:00'),(27,'2025-01-15 11:15:00'),(32,'2025-01-22 15:46:00'),(39,'2025-01-12 12:49:00'),(39,'2025-01-23 11:52:00'),(47,'2025-01-29 18:59:00'),(47,'2025-02-01 17:50:00'),(52,'2025-01-15 17:41:00'),(68,'2025-01-29 18:24:00'),(91,'2025-01-04 15:37:00'),(91,'2025-01-11 17:13:00'),(91,'2025-01-13 11:27:00'),(92,'2025-01-27 15:41:00'),(113,'2025-01-06 14:07:00'),(113,'2025-01-09 13:44:00'),(113,'2025-01-21 18:23:00'),(123,'2025-01-07 13:41:00'),(132,'2025-01-18 18:25:00'),(132,'2025-01-20 12:58:00'),(132,'2025-01-20 15:04:00'),(132,'2025-01-25 16:52:00'),(149,'2025-01-13 10:47:00'),(149,'2025-01-31 17:41:00'),(160,'2025-01-25 12:03:00'),(160,'2025-01-27 18:28:00'),(161,'2025-01-16 16:33:00'),(161,'2025-01-27 15:25:00'),(164,'2025-01-04 16:04:00'),(164,'2025-01-09 15:28:00'),(179,'2025-01-16 12:56:00'),(181,'2025-01-13 14:08:00'),(211,'2025-01-04 11:56:00'),(237,'2025-01-31 17:07:00'),(242,'2025-01-17 11:09:00'),(245,'2025-01-03 12:16:00'),(245,'2025-01-23 13:11:00'),(245,'2025-01-28 16:27:00'),(254,'2025-01-04 13:25:00'),(254,'2025-01-16 12:59:00'),(254,'2025-01-19 15:41:00'),(265,'2025-01-16 12:35:00'),(265,'2025-01-31 11:44:00'),(271,'2025-01-23 13:23:00'),(294,'2025-01-10 14:00:00'),(325,'2025-01-07 10:25:00'),(331,'2025-01-04 12:37:00'),(331,'2025-01-12 17:34:00'),(331,'2025-01-26 14:53:00'),(331,'2025-01-29 17:06:00'),(348,'2025-01-23 12:00:00'),(357,'2025-01-07 17:38:00'),(376,'2025-01-22 13:59:00'),(388,'2025-01-08 12:14:00'),(395,'2025-01-03 13:10:00'),(421,'2025-01-21 15:14:00'),(432,'2025-01-03 17:45:00'),(432,'2025-01-09 14:22:00'),(436,'2025-01-04 12:32:00'),(436,'2025-01-13 11:44:00'),(436,'2025-01-29 10:56:00'),(437,'2025-01-04 18:05:00'),(437,'2025-01-22 15:32:00'),(438,'2025-01-27 16:54:00'),(448,'2025-01-12 12:15:00'),(448,'2025-01-18 15:26:00'),(458,'2025-01-24 13:35:00'),(458,'2025-01-25 17:27:00'),(465,'2025-01-02 18:45:00'),(466,'2025-01-10 17:01:00'),(466,'2025-01-28 12:44:00'),(467,'2025-01-30 14:40:00'),(499,'2025-01-13 11:58:00'),(499,'2025-01-13 12:47:00'),(499,'2025-01-17 17:31:00');
/*!40000 ALTER TABLE `Alarms` ENABLE KEYS */;
UNLOCK TABLES;

--
-- Table structure for table `PremiumStudents`
--

DROP TABLE IF EXISTS `PremiumStudents`;
/*!40101 SET @saved_cs_client     = @@character_set_client */;
/*!40101 SET character_set_client = utf8 */;
CREATE TABLE `PremiumStudents` (
  `StudentID` int NOT NULL,
  `Emoji` varchar(50) DEFAULT NULL,
  PRIMARY KEY (`StudentID`),
  CONSTRAINT `premiumstudents_ibfk_1` FOREIGN KEY (`StudentID`) REFERENCES `Students` (`StudentID`)
) ENGINE=InnoDB DEFAULT CHARSET=utf8mb4 COLLATE=utf8mb4_0900_ai_ci;
/*!40101 SET character_set_client = @saved_cs_client */;

--
-- Dumping data for table `PremiumStudents`
--

LOCK TABLES `PremiumStudents` WRITE;
/*!40000 ALTER TABLE `PremiumStudents` DISABLE KEYS */;
INSERT INTO `PremiumStudents` VALUES (6,'fire'),(11,'air'),(17,'water'),(23,'earth'),(27,'air'),(32,'water'),(39,'fire'),(47,'earth'),(52,'water'),(58,'air'),(68,'air'),(82,'water'),(91,'earth'),(92,'air'),(113,'earth'),(123,'air'),(132,'water'),(136,'fire'),(149,'air'),(160,'fire'),(161,'earth'),(164,'water'),(179,'air'),(181,'air'),(194,'fire'),(211,'water'),(237,'fire'),(238,'earth'),(242,'air'),(245,'fire'),(254,'fire'),(262,'earth'),(265,'water'),(271,'air'),(294,'fire'),(299,'fire'),(325,'air'),(331,'water'),(348,'fire'),(355,'earth'),(357,'fire'),(374,'water'),(376,'earth'),(386,'earth'),(388,'water'),(395,'earth'),(421,'earth'),(432,'water'),(436,'fire'),(437,'earth'),(438,'earth'),(448,'air'),(458,'earth'),(465,'earth'),(466,'air'),(467,'air'),(499,'earth');
/*!40000 ALTER TABLE `PremiumStudents` ENABLE KEYS */;
UNLOCK TABLES;

--
-- Table structure for table `Schedules`
--

DROP TABLE IF EXISTS `Schedules`;
/*!40101 SET @saved_cs_client     = @@character_set_client */;
/*!40101 SET character_set_client = utf8 */;
CREATE TABLE `Schedules` (
  `StudentID` int NOT NULL,
  `Date` date NOT NULL,
  `TableID` char(4) DEFAULT NULL,
  `Slot_1` int DEFAULT '0',
  `Slot_2` int DEFAULT '0',
  `Slot_3` int DEFAULT '0',
  `Slot_4` int DEFAULT '0',
  `Slot_5` int DEFAULT '0',
  `Slot_6` int DEFAULT '0',
  `Slot_7` int DEFAULT '0',
  `Slot_8` int DEFAULT '0',
  PRIMARY KEY (`StudentID`,`Date`),
  KEY `TableID` (`TableID`),
  CONSTRAINT `schedules_ibfk_1` FOREIGN KEY (`StudentID`) REFERENCES `Students` (`StudentID`),
  CONSTRAINT `schedules_ibfk_2` FOREIGN KEY (`TableID`) REFERENCES `TableDetails` (`TableID`)
) ENGINE=InnoDB DEFAULT CHARSET=utf8mb4 COLLATE=utf8mb4_0900_ai_ci;
/*!40101 SET character_set_client = @saved_cs_client */;

--
-- Dumping data for table `Schedules`
--

LOCK TABLES `Schedules` WRITE;
/*!40000 ALTER TABLE `Schedules` DISABLE KEYS */;
INSERT INTO `Schedules` VALUES (12,'2025-01-17','0000',1,1,1,0,0,0,0,1),(13,'2025-01-06','0000',1,0,1,0,0,0,0,0),(15,'2025-01-11','0020',1,0,0,1,0,0,1,1),(16,'2025-01-05','0000',0,1,0,0,0,0,0,0),(17,'2025-01-25','0231',0,0,0,0,0,0,0,0),(25,'2025-01-19','0026',1,0,0,1,0,1,0,0),(27,'2025-01-09','0112',0,0,0,1,0,1,0,1),(30,'2025-01-09','0313',1,0,0,1,1,0,0,1),(31,'2025-01-21','0000',1,1,0,0,1,1,1,1),(36,'2025-01-30','0245',1,1,0,0,0,0,1,1),(44,'2025-01-04','0000',0,0,1,1,0,1,1,0),(47,'2025-01-19','0000',1,1,0,1,1,0,1,0),(49,'2025-01-11','0000',0,0,0,0,0,0,1,1),(50,'2025-01-09','0107',0,0,1,1,1,0,0,0),(56,'2025-02-01','0000',0,1,1,1,1,0,1,0),(63,'2025-01-31','0346',0,0,1,0,0,1,0,0),(67,'2025-01-27','0030',0,0,1,0,1,1,0,1),(69,'2025-01-21','0330',1,0,1,1,0,0,0,1),(73,'2025-01-07','0105',1,0,0,0,1,0,1,0),(76,'2025-01-23','0000',0,0,0,1,1,1,1,1),(78,'2025-01-02','0237',0,0,0,1,0,1,0,0),(79,'2025-02-01','0000',0,0,0,0,0,0,0,1),(80,'2025-01-04','0004',1,0,0,1,0,1,1,1),(83,'2025-01-24','0312',1,0,1,1,0,0,0,1),(89,'2025-01-09','0000',1,1,1,1,0,1,0,1),(90,'2025-01-13','0219',0,1,1,1,0,1,0,0),(95,'2025-01-18','0222',0,1,0,0,0,1,1,1),(103,'2025-01-24','0000',1,0,0,1,0,0,1,0),(105,'2025-01-14','0000',0,0,1,0,1,0,1,0),(108,'2025-01-18','0016',0,0,1,0,0,0,1,0),(113,'2025-01-07','0246',0,1,1,0,1,0,1,1),(114,'2025-01-30','0000',1,1,1,0,0,0,1,0),(115,'2025-01-07','0336',1,1,0,1,1,1,1,0),(118,'2025-01-21','0222',0,1,1,0,1,0,0,0),(120,'2025-01-09','0000',1,1,0,0,1,1,1,1),(122,'2025-01-27','0008',1,1,1,1,0,1,1,1),(128,'2025-01-04','0325',1,1,0,1,0,0,0,1),(131,'2025-02-01','0000',1,1,1,1,1,1,1,0),(143,'2025-01-08','0126',1,0,1,0,1,1,0,0),(145,'2025-01-08','0226',0,1,0,0,1,0,1,1),(146,'2025-01-13','0000',1,1,1,0,1,0,1,1),(151,'2025-01-06','0021',1,0,1,0,1,0,1,0),(155,'2025-01-02','0312',0,0,0,1,0,0,0,0),(157,'2025-01-13','0000',0,1,1,0,0,0,0,0),(163,'2025-02-01','0336',0,1,1,0,0,0,0,0),(170,'2025-01-07','0000',0,0,0,0,0,1,0,0),(177,'2025-01-17','0012',0,0,0,1,1,1,1,1),(179,'2025-01-02','0247',1,1,1,1,1,1,0,0),(182,'2025-01-30','0350',1,1,1,0,1,0,1,1),(185,'2025-01-19','0347',0,0,0,0,0,0,0,1),(189,'2025-01-20','0000',1,0,0,0,0,1,0,0),(197,'2025-01-25','0000',0,1,0,1,1,0,0,1),(207,'2025-01-21','0116',1,0,0,1,1,0,1,0),(208,'2025-01-21','0015',1,0,1,1,0,0,1,0),(209,'2025-01-06','0000',1,0,1,0,1,1,0,0),(213,'2025-01-22','0120',1,0,1,1,1,1,0,0),(215,'2025-01-20','0000',0,0,1,0,0,1,1,1),(218,'2025-01-06','0226',1,0,0,1,0,0,0,0),(226,'2025-01-26','0245',1,1,1,0,1,0,0,1),(228,'2025-02-01','0000',0,1,1,0,1,0,1,1),(231,'2025-01-02','0000',1,0,0,0,0,1,1,0),(233,'2025-01-21','0000',1,0,1,0,0,0,1,0),(238,'2025-01-27','0000',1,1,1,1,0,0,0,0),(244,'2025-01-25','0113',0,1,1,0,1,0,0,0),(250,'2025-01-23','0316',0,1,0,0,1,1,0,0),(251,'2025-01-03','0343',0,0,1,1,0,0,1,1),(256,'2025-01-25','0202',1,0,1,0,0,0,0,0),(263,'2025-01-21','0000',0,1,1,1,0,0,0,1),(264,'2025-01-31','0000',0,1,1,1,1,1,0,1),(268,'2025-01-25','0029',1,0,1,1,1,1,0,1),(269,'2025-01-06','0000',0,1,1,0,0,0,1,1),(279,'2025-01-11','0114',1,1,1,1,1,1,1,1),(291,'2025-01-30','0321',0,0,0,0,1,0,0,0),(295,'2025-01-06','0343',1,1,0,0,0,1,0,0),(297,'2025-02-01','0220',0,0,1,1,1,1,1,0),(298,'2025-01-02','0000',1,1,1,1,0,0,1,1),(302,'2025-01-23','0201',0,1,0,0,1,0,0,0),(306,'2025-01-17','0000',1,0,0,1,0,1,0,1),(317,'2025-01-12','0000',1,1,0,1,0,0,1,0),(318,'2025-01-04','0000',1,0,1,1,1,0,0,0),(320,'2025-01-13','0333',0,0,0,0,0,0,0,0),(322,'2025-01-30','0000',1,1,1,1,1,0,0,1),(328,'2025-01-08','0000',0,1,1,1,1,1,1,1),(348,'2025-01-20','0000',0,1,1,0,0,0,1,1),(350,'2025-01-22','0000',0,0,0,0,1,0,1,0),(353,'2025-01-30','0000',1,1,0,1,0,1,0,0),(354,'2025-01-25','0000',1,0,1,0,1,1,1,1),(358,'2025-01-29','0327',0,1,0,1,0,0,1,0),(360,'2025-01-08','0024',1,0,0,0,0,0,0,0),(367,'2025-01-18','0000',1,1,1,1,0,1,1,1),(369,'2025-01-24','0000',1,1,1,1,0,1,1,0),(374,'2025-01-12','0123',1,0,0,1,1,0,1,1),(378,'2025-01-03','0000',1,0,0,1,0,0,1,1),(381,'2025-01-13','0029',0,0,1,1,0,0,0,0),(384,'2025-01-05','0336',0,0,1,1,1,1,1,1),(387,'2025-01-09','0000',1,1,1,1,1,1,1,1),(388,'2025-01-10','0000',1,0,0,0,0,1,1,1),(389,'2025-01-20','0009',1,1,0,1,0,0,0,1),(390,'2025-01-22','0225',0,1,1,1,1,1,1,0),(392,'2025-01-18','0102',0,1,1,0,0,0,0,0),(393,'2025-01-13','0000',0,0,0,1,0,0,0,1),(413,'2025-01-20','0121',1,0,1,1,1,1,0,0),(416,'2025-01-30','0021',1,0,1,1,1,1,0,0),(418,'2025-01-07','0003',1,1,1,1,1,0,0,0),(422,'2025-01-25','0119',0,0,0,0,1,1,0,1),(425,'2025-01-07','0000',0,0,1,0,1,0,0,1),(430,'2025-01-25','0000',0,0,1,1,1,0,0,0),(433,'2025-01-04','0124',0,1,1,1,0,1,1,0),(435,'2025-01-12','0002',1,1,0,0,0,1,1,1),(436,'2025-01-22','0000',0,0,0,1,1,1,1,1),(439,'2025-01-13','0245',0,0,0,1,1,0,1,1),(440,'2025-01-02','0000',0,1,1,1,0,0,1,1),(442,'2025-01-26','0000',1,1,1,1,0,0,1,1),(457,'2025-01-19','0000',1,1,1,1,1,1,1,0),(461,'2025-01-04','0000',1,1,1,1,0,0,1,1),(464,'2025-01-13','0000',0,1,1,1,1,0,0,0),(478,'2025-01-24','0343',0,0,0,1,0,0,0,1),(479,'2025-01-28','0000',1,1,1,0,0,1,1,1),(488,'2025-01-13','0000',1,1,1,1,1,1,1,1),(499,'2025-01-28','0123',0,1,1,0,1,0,1,0);
/*!40000 ALTER TABLE `Schedules` ENABLE KEYS */;
UNLOCK TABLES;

--
-- Table structure for table `StandardStudents`
--

DROP TABLE IF EXISTS `StandardStudents`;
/*!40101 SET @saved_cs_client     = @@character_set_client */;
/*!40101 SET character_set_client = utf8 */;
CREATE TABLE `StandardStudents` (
  `StudentID` int NOT NULL,
  PRIMARY KEY (`StudentID`),
  CONSTRAINT `standardstudents_ibfk_1` FOREIGN KEY (`StudentID`) REFERENCES `Students` (`StudentID`)
) ENGINE=InnoDB DEFAULT CHARSET=utf8mb4 COLLATE=utf8mb4_0900_ai_ci;
/*!40101 SET character_set_client = @saved_cs_client */;

--
-- Dumping data for table `StandardStudents`
--

LOCK TABLES `StandardStudents` WRITE;
/*!40000 ALTER TABLE `StandardStudents` DISABLE KEYS */;
INSERT INTO `StandardStudents` VALUES (1),(2),(3),(4),(5),(7),(8),(9),(10),(12),(13),(14),(15),(16),(18),(19),(20),(21),(22),(24),(25),(26),(28),(29),(30),(31),(33),(34),(35),(36),(37),(38),(40),(41),(42),(43),(44),(45),(46),(48),(49),(50),(51),(53),(54),(55),(56),(57),(59),(60),(61),(62),(63),(64),(65),(66),(67),(69),(70),(71),(72),(73),(74),(75),(76),(77),(78),(79),(80),(81),(83),(84),(85),(86),(87),(88),(89),(90),(93),(94),(95),(96),(97),(98),(99),(100),(101),(102),(103),(104),(105),(106),(107),(108),(109),(110),(111),(112),(114),(115),(116),(117),(118),(119),(120),(121),(122),(124),(125),(126),(127),(128),(129),(130),(131),(133),(134),(135),(137),(138),(139),(140),(141),(142),(143),(144),(145),(146),(147),(148),(150),(151),(152),(153),(154),(155),(156),(157),(158),(159),(162),(163),(165),(166),(167),(168),(169),(170),(171),(172),(173),(174),(175),(176),(177),(178),(180),(182),(183),(184),(185),(186),(187),(188),(189),(190),(191),(192),(193),(195),(196),(197),(198),(199),(200),(201),(202),(203),(204),(205),(206),(207),(208),(209),(210),(212),(213),(214),(215),(216),(217),(218),(219),(220),(221),(222),(223),(224),(225),(226),(227),(228),(229),(230),(231),(232),(233),(234),(235),(236),(239),(240),(241),(243),(244),(246),(247),(248),(249),(250),(251),(252),(253),(255),(256),(257),(258),(259),(260),(261),(263),(264),(266),(267),(268),(269),(270),(272),(273),(274),(275),(276),(277),(278),(279),(280),(281),(282),(283),(284),(285),(286),(287),(288),(289),(290),(291),(292),(293),(295),(296),(297),(298),(300),(301),(302),(303),(304),(305),(306),(307),(308),(309),(310),(311),(312),(313),(314),(315),(316),(317),(318),(319),(320),(321),(322),(323),(324),(326),(327),(328),(329),(330),(332),(333),(334),(335),(336),(337),(338),(339),(340),(341),(342),(343),(344),(345),(346),(347),(349),(350),(351),(352),(353),(354),(356),(358),(359),(360),(361),(362),(363),(364),(365),(366),(367),(368),(369),(370),(371),(372),(373),(375),(377),(378),(379),(380),(381),(382),(383),(384),(385),(387),(389),(390),(391),(392),(393),(394),(396),(397),(398),(399),(400),(401),(402),(403),(404),(405),(406),(407),(408),(409),(410),(411),(412),(413),(414),(415),(416),(417),(418),(419),(420),(422),(423),(424),(425),(426),(427),(428),(429),(430),(431),(433),(434),(435),(439),(440),(441),(442),(443),(444),(445),(446),(447),(449),(450),(451),(452),(453),(454),(455),(456),(457),(459),(460),(461),(462),(463),(464),(468),(469),(470),(471),(472),(473),(474),(475),(476),(477),(478),(479),(480),(481),(482),(483),(484),(485),(486),(487),(488),(489),(490),(491),(492),(493),(494),(495),(496),(497),(498),(500);
/*!40000 ALTER TABLE `StandardStudents` ENABLE KEYS */;
UNLOCK TABLES;

--
-- Table structure for table `Students`
--

DROP TABLE IF EXISTS `Students`;
/*!40101 SET @saved_cs_client     = @@character_set_client */;
/*!40101 SET character_set_client = utf8 */;
CREATE TABLE `Students` (
  `StudentID` int NOT NULL,
  `StName` varchar(50) DEFAULT NULL,
  `Major` varchar(50) DEFAULT NULL,
  `Gender` enum('Male','Female','Other') DEFAULT NULL,
  `StRating` float DEFAULT NULL,
  `Level` int DEFAULT NULL,
  `XP` int DEFAULT NULL,
  `Password` varchar(30) DEFAULT NULL,
  PRIMARY KEY (`StudentID`)
) ENGINE=InnoDB DEFAULT CHARSET=utf8mb4 COLLATE=utf8mb4_0900_ai_ci;
/*!40101 SET character_set_client = @saved_cs_client */;

--
-- Dumping data for table `Students`
--

LOCK TABLES `Students` WRITE;
/*!40000 ALTER TABLE `Students` DISABLE KEYS */;
INSERT INTO `Students` VALUES (1,'Merve Şahin','İşletme','Female',2,5,15,'HX4?Tp-d'),(2,'Hatice Öztürk','Fizik','Female',4.4,1,30,'u-cwIo7h'),(3,'Emre Güneş','Fizik','Male',3.6,1,50,'wPCCPQG9'),(4,'Ali Çetin','Medya','Male',2.1,15,15,'ubKnFSmt'),(5,'Oğuz Aydın','Fizik','Male',4.4,17,80,'mQp.kfAH'),(6,'Selim Polat','Medya','Male',2.7,40,65,'0xdcK1qL'),(7,'Turan Güneş','Matematik','Male',4.1,23,60,'Mwni.8Bn'),(8,'Murat Altun','Makine Mühendisliği','Male',3.7,19,85,'tEcYPEAh'),(9,'Ali Koç','Makine Mühendisliği','Male',2.6,20,30,'4vV*dLL?'),(10,'Yıldız Polat','Biyoloji','Other',2.4,2,70,'GZaR*tvU'),(11,'İbrahim Öztürk','Hukuk','Male',4.4,46,95,'6nUKsC3g'),(12,'Yusuf Aydın','Matematik','Male',4.5,10,40,'6ZPvD!sr'),(13,'Merve Demir','Biyoloji','Female',4,7,60,'.LEm97t!'),(14,'Ayşe Güneş','Bilgisayar Mühendisliği','Female',4.7,2,90,'*jiqVNUo'),(15,'Nur Demir','Bilgisayar Mühendisliği','Female',3.6,25,90,'hgpYnGxi'),(16,'Oğuz Şahin','Hukuk','Male',4.2,5,35,'rJSIcD5t'),(17,'Eda Polat','Bilgisayar Mühendisliği','Female',3.9,45,75,'.G?ofCKT'),(18,'Kaan Şahin','Biyoloji','Male',4.2,12,0,'dcEcjd.F'),(19,'Mustafa Altun','Biyoloji','Male',3.5,4,45,'3fP6A1aJ'),(20,'Dilara Altun','Makine Mühendisliği','Female',3.6,20,10,'XlPWOD4C'),(21,'Mustafa Öztürk','Matematik','Male',4.5,10,90,'Sd9Tyq-Q'),(22,'Havva Çelik','Fizik','Female',3.6,10,75,'omdWh3-s'),(23,'Merve Erdem','Psikoloji','Female',2.7,38,80,'5c4x.boB'),(24,'Ahmet Çelik','Fizik','Male',4.7,9,35,'nvrEvQoU'),(25,'Utku Erdem','Makine Mühendisliği','Other',3.2,14,10,'XxaLaVdz'),(26,'Furkan Aksoy','Bilgisayar Mühendisliği','Male',4.3,23,35,'rl4y!2*i'),(27,'Zeynep Çetin','Hukuk','Female',2.7,49,30,'D9xw-o6L'),(28,'Büşra Çetin','Bilgisayar Mühendisliği','Female',4.6,14,90,'zU_f2VfU'),(29,'Duygu Kaya','Bilgisayar Mühendisliği','Female',2.3,16,70,'y81F6JkW'),(30,'Sinemis Demir','Biyoloji','Female',3.7,24,35,'UlXT*2XB'),(31,'Uğur Demir','Medya','Male',3.3,7,35,'Oi7o20LZ'),(32,'Hatice Aksoy','Makine Mühendisliği','Female',1.9,33,45,'YPpUzXB-'),(33,'Mustafa Toktaş','Medya','Male',2.3,15,60,'zH0.sRni'),(34,'Selim Aydın','Makine Mühendisliği','Male',1.9,8,45,'V4c9jxav'),(35,'Evren Erdem','Psikoloji','Other',3.4,10,30,'O*kY!6ev'),(36,'Sinemis Şahin','Medya','Female',3.4,27,25,'ig?8YITp'),(37,'Hasan Aydın','Biyoloji','Male',2.5,5,5,'x22rMhQQ'),(38,'Furkan Çetin','Biyoloji','Male',4,4,95,'ElF_ry6.'),(39,'Yasemin Demir','Hukuk','Female',1.6,49,55,'F6T.gY2x'),(40,'Cem Aksoy','Makine Mühendisliği','Male',2.9,8,45,'0Huoz45S'),(41,'Ayşe Koç','Psikoloji','Female',3.2,25,90,'02anueXt'),(42,'Atalay Aydın','Medya','Male',2.5,17,80,'-Vc.3J*?'),(43,'Osman Erdem','Hukuk','Male',4.2,1,75,'6zYtAKSg'),(44,'Ozan Polat','İşletme','Other',4.7,1,45,'w2.Plo38'),(45,'Oğuz Çelik','Hukuk','Male',1.7,1,0,'kjM8Qk4j'),(46,'Deniz Yılmaz','Fizik','Other',4.3,17,80,'AUMXdqTY'),(47,'Sibel Güneş','Bilgisayar Mühendisliği','Female',1.7,40,15,'5yGjsFT9'),(48,'Beren Güneş','Medya','Female',3.5,4,40,'Nx5ScuB5'),(49,'Turan Güneş','Bilgisayar Mühendisliği','Male',4.7,11,15,'cHIG13k3'),(50,'Hüseyin Şahin','İşletme','Male',3.5,4,55,'x?.kYdv1'),(51,'Eda Çelik','Psikoloji','Female',3,6,40,'zjr2gO0Y'),(52,'Eren Erdem','Fizik','Male',3.3,34,45,'IUcd32!h'),(53,'Murat Koç','Fizik','Male',3,7,15,'LPefdTOQ'),(54,'Yıldız Erdem','Hukuk','Other',4,3,70,'9m8Ezx_U'),(55,'Mehmet Güneş','Makine Mühendisliği','Male',3.9,6,35,'WfzhW1pN'),(56,'Murat Öztürk','Fizik','Male',3.1,20,0,'DZUTum0h'),(57,'Ali Demir','Matematik','Male',0.8,18,0,'lFp1SFK0'),(58,'Dilara Erdem','Hukuk','Female',1.6,43,30,'?beh?zHE'),(59,'Dilara Öztürk','Fizik','Female',0.7,27,70,'WsDpta3t'),(60,'Berk Güneş','İşletme','Male',3.1,7,75,'qQsygIRr'),(61,'Yusuf Altun','Medya','Male',4.4,30,60,'E_p38tlF'),(62,'Doğa Demir','Fizik','Other',2.5,3,25,'6g8-L1GX'),(63,'Emre Yılmaz','Hukuk','Male',2,11,55,'Voj3wuys'),(64,'Dilara Demir','Makine Mühendisliği','Female',1.7,30,45,'a0vJKabJ'),(65,'Hasan Şahin','Makine Mühendisliği','Male',2.5,3,45,'QkbwtlLo'),(66,'Uğur Aydın','Matematik','Male',4.4,3,25,'4d2mDH9r'),(67,'Kaan Aydın','Hukuk','Male',2.3,24,65,'Ljr84!tw'),(68,'Hatice Altun','Bilgisayar Mühendisliği','Female',4.3,35,5,'UUh9TrBG'),(69,'Doğa Demir','Matematik','Other',3.2,8,90,'dC_ZC4*o'),(70,'Havva Çetin','Medya','Female',4.4,27,55,'R0EiCFqo'),(71,'Sibel Demir','Fizik','Female',4.4,7,75,'T7hGoYcD'),(72,'Duygu Kaya','Biyoloji','Female',2,16,40,'Kb*Depvy'),(73,'Nur Öztürk','Bilgisayar Mühendisliği','Female',2.6,15,45,'!.aBgXNX'),(74,'Beren Yılmaz','Hukuk','Female',4.7,19,45,'?K9P_Kqb'),(75,'İbrahim Çelik','Biyoloji','Male',4.5,3,40,'Hpzso2EU'),(76,'Hüseyin Aksoy','Bilgisayar Mühendisliği','Male',4.3,8,75,'EFG8sEwQ'),(77,'Eren Güneş','Biyoloji','Male',2.3,25,0,'2cOwiYL5'),(78,'Berk Aksoy','Psikoloji','Male',1.9,21,85,'wFjtOFvS'),(79,'Büşra Toktaş','Medya','Female',4.7,30,95,'8X3J*dK-'),(80,'Ayşe Polat','İşletme','Female',1.6,4,25,'O*SOz9Nw'),(81,'Murat Öztürk','Medya','Male',2.4,26,80,'cjyd*g2T'),(82,'Atalay Aydın','Makine Mühendisliği','Male',0.5,32,60,'_I8nKL7.'),(83,'Fatma Toktaş','Psikoloji','Female',2.9,9,45,'3slu!2qo'),(84,'Selim Güneş','Medya','Male',4.2,28,20,'Qkc3GU0t'),(85,'Hatice Demir','Makine Mühendisliği','Female',4.2,14,50,'08R4Xq-O'),(86,'Selim Kaya','Psikoloji','Male',3,9,20,'Fy7PZWd5'),(87,'Turan Erdem','Makine Mühendisliği','Male',4.1,17,45,'.gp0fP.d'),(88,'Eda Öztürk','Bilgisayar Mühendisliği','Female',4,16,80,'Mtk2y-8W'),(89,'Hasan Koç','Bilgisayar Mühendisliği','Male',2.9,28,50,'R5.Hv7Ba'),(90,'Elif Öztürk','Matematik','Female',4.1,8,85,'5jB0dFeM'),(91,'Ege Altun','Bilgisayar Mühendisliği','Male',3.9,36,40,'nnpZ_HTa'),(92,'Hatice Toktaş','Psikoloji','Female',4.1,36,25,'4Xad6dv5'),(93,'Fatma Koç','Makine Mühendisliği','Female',3.2,7,35,'pfwr8L-p'),(94,'Oğuz Çelik','Hukuk','Male',1.9,17,0,'rmUd!i?p'),(95,'Hüseyin Çelik','Matematik','Male',1.2,2,75,'*JCFc2Xf'),(96,'Eren Toktaş','Medya','Male',4.1,2,65,'rUDl5tH2'),(97,'İpek Erdem','Matematik','Female',2.6,21,25,'m9!5lrfv'),(98,'Nur Aydın','Biyoloji','Female',4.5,2,75,'?0!n21JV'),(99,'Hasan Şahin','Biyoloji','Male',4.4,3,35,'Yw44pCfk'),(100,'Eren Aydın','Bilgisayar Mühendisliği','Male',4.6,10,75,'9_4Q6CzJ'),(101,'Nur Altun','Hukuk','Female',3.8,20,65,'kYgZaikW'),(102,'Elif Güneş','Psikoloji','Female',2,7,75,'OR7jDD*z'),(103,'Hüseyin Demir','Matematik','Male',3,1,65,'wyt3B?gD'),(104,'Gül Güneş','Medya','Female',4.3,10,70,'6!91juT.'),(105,'Berfin Çelik','Matematik','Female',1.6,16,5,'3ZtPP2nz'),(106,'Evren Kaya','Psikoloji','Other',4.4,11,35,'h1GrcOIN'),(107,'Ahmet Güneş','Fizik','Male',3.8,3,85,'.4PPBwVd'),(108,'Nur Toktaş','Matematik','Female',3,16,75,'uY-3cQzi'),(109,'Zeynep Erdem','Psikoloji','Female',2.8,17,45,'dKRgD.Ky'),(110,'Zeynep Polat','Hukuk','Female',3.1,4,40,'eT-E3LGX'),(111,'Havva Yılmaz','Bilgisayar Mühendisliği','Female',3.8,24,5,'e?ZC-UZT'),(112,'Ahmet Demir','Hukuk','Male',0.7,17,80,'I8n1-9DO'),(113,'Zeynep Erdem','Bilgisayar Mühendisliği','Female',3.6,31,50,'ruHW9ko_'),(114,'Beren Polat','Matematik','Female',3,21,85,'pY?HlS6!'),(115,'Merve Altun','Biyoloji','Female',0.5,13,5,'DDrU3u!G'),(116,'Eren Şahin','Bilgisayar Mühendisliği','Male',3.3,5,80,'7T21TpjK'),(117,'Ozan Erdem','Hukuk','Other',4.1,2,45,'_Ctdp.4E'),(118,'Murat Altun','Biyoloji','Male',2.7,7,70,'lb05gl!k'),(119,'Evren Koç','Bilgisayar Mühendisliği','Other',1,9,70,'Ta2vJwHy'),(120,'Uğur Aksoy','Medya','Male',4.6,24,45,'eeukukyX'),(121,'İpek Kaya','Hukuk','Female',4.2,15,55,'.hb9rUxr'),(122,'Hasan Koç','Makine Mühendisliği','Male',3.2,10,15,'8kAfxVQD'),(123,'Mustafa Şahin','Bilgisayar Mühendisliği','Male',3.1,48,35,'6sc8MqCC'),(124,'Sibel Öztürk','Medya','Female',3.7,19,40,'v01pKV_K'),(125,'Ahmet Yılmaz','Hukuk','Male',3.5,29,55,'.6.1k0o?'),(126,'İbrahim Güneş','İşletme','Male',1.7,7,25,'k8d9oVYl'),(127,'Elif Koç','Matematik','Female',3.9,9,50,'Is*xg3P4'),(128,'Turan Çetin','Biyoloji','Male',1.5,15,15,'TqNc_bo*'),(129,'Hüseyin Yılmaz','Matematik','Male',2,28,55,'sd8tzIhP'),(130,'Ahmet Güneş','Medya','Male',3.3,9,75,'xTC5-pSu'),(131,'Furkan Çetin','Medya','Male',3.6,30,15,'lVXs*F?A'),(132,'Evren Çelik','Biyoloji','Other',4.3,42,25,'Lit81j2m'),(133,'Cem Çetin','Biyoloji','Male',4.1,30,70,'rgdlyNCS'),(134,'Mehmet Toktaş','İşletme','Male',4.5,9,10,'GotJ_Gv5'),(135,'Sinemis Polat','Hukuk','Female',1.8,23,55,'3fKZn1ME'),(136,'Emine Erdem','Biyoloji','Female',2.6,33,85,'x2O5*SxV'),(137,'Duygu Koç','Medya','Female',1.4,10,35,'6AFoDWQI'),(138,'Beren Erdem','Fizik','Female',2.7,3,95,'hF19Is81'),(139,'Turan Altun','Matematik','Male',4,21,60,'u7!.LX.3'),(140,'Ozan Çelik','İşletme','Other',1.2,24,60,'NpmG0ply'),(141,'Emine Demir','Makine Mühendisliği','Female',4,24,5,'jw_YIQFD'),(142,'Mustafa Çelik','Medya','Male',4.5,12,20,'6lnd6R8B'),(143,'Turan Yılmaz','Matematik','Male',4.3,26,75,'FnCRzfzy'),(144,'Mustafa Toktaş','İşletme','Male',3.7,30,10,'?_dgx-QU'),(145,'Beren Kaya','Fizik','Female',2.4,21,10,'P9vTUQky'),(146,'Atalay Demir','Bilgisayar Mühendisliği','Male',2.9,14,15,'BS0aLrHi'),(147,'Selim Aydın','Matematik','Male',2.8,3,90,'Mvi2DZLi'),(148,'Havva Demir','Hukuk','Female',4.3,21,95,'FGslkvcQ'),(149,'Gül Aydın','Makine Mühendisliği','Female',2,47,0,'E_SOZ6n6'),(150,'Turan Çelik','Hukuk','Male',4,5,25,'HR_kIlUe'),(151,'İbrahim Demir','Biyoloji','Male',4.1,1,55,'.7D8nCQm'),(152,'Ece Çelik','Bilgisayar Mühendisliği','Female',4.1,25,45,'6u1cEm8o'),(153,'Ece Erdem','Hukuk','Female',3.4,23,50,'EY-gUsDD'),(154,'Beren Aksoy','Psikoloji','Female',2.3,11,55,'0RnrgeC0'),(155,'Yasemin Koç','İşletme','Female',3.2,20,75,'rxHNB?FL'),(156,'Eren Aksoy','Biyoloji','Male',2.9,11,30,'cb6Wq*lR'),(157,'Berk Kaya','Fizik','Male',4.6,2,30,'TWuIV.cI'),(158,'Nur Koç','Hukuk','Female',0.8,10,35,'Z13eRb7X'),(159,'Havva Aydın','Matematik','Female',3.6,22,45,'mj*o-Hex'),(160,'Uğur Koç','Fizik','Male',2.8,48,20,'ubbkS-1Y'),(161,'Ece Erdem','Medya','Female',4.2,39,85,'GBiK-kF7'),(162,'Yusuf Polat','Biyoloji','Male',3.9,28,10,'djID-?VL'),(163,'Doğa Erdem','Hukuk','Other',4.2,2,35,'X4i6xv2R'),(164,'Büşra Polat','Psikoloji','Female',4.7,41,20,'2N.cTffr'),(165,'Yusuf Toktaş','Matematik','Male',2.8,27,75,'0e1Oez7N'),(166,'Büşra Kaya','Biyoloji','Female',2.9,18,25,'p!U_Wv7Z'),(167,'Atalay Demir','Makine Mühendisliği','Male',4.4,25,50,'wC-drPN?'),(168,'Ece Kaya','Hukuk','Female',3.6,3,25,'5fW_eyYV'),(169,'Selin Aksoy','Medya','Female',3.1,20,20,'W5HQRuSM'),(170,'Yasemin Kaya','Medya','Female',1.5,24,15,'fB82PRFU'),(171,'Ali Polat','Psikoloji','Male',3,20,70,'.ke3M*?E'),(172,'Nur Aydın','Bilgisayar Mühendisliği','Female',3.3,7,45,'ea7DbhMC'),(173,'Utku Kaya','Biyoloji','Other',3,18,35,'1Ar2qM*D'),(174,'Eda Yılmaz','Hukuk','Female',3.7,12,70,'J4Yj0b5Q'),(175,'Hüseyin Erdem','Psikoloji','Male',0.2,17,50,'XpdEmx4u'),(176,'Gül Polat','İşletme','Female',0.9,29,20,'C1t0T!sq'),(177,'Yusuf Altun','Makine Mühendisliği','Male',3,9,25,'?Ng0w7zF'),(178,'Fatma Altun','Psikoloji','Female',3.7,6,85,'jftXC4EL'),(179,'Havva Kaya','Makine Mühendisliği','Female',4,35,20,'i2IFLGQD'),(180,'Ozan Aksoy','Biyoloji','Other',3.9,8,85,'V3hw0bx6'),(181,'Utku Öztürk','Medya','Other',4.7,33,95,'pbZB.B-D'),(182,'Emre Toktaş','İşletme','Male',4.6,13,35,'Zd8D2OwK'),(183,'Sibel Aksoy','Medya','Female',4.1,19,55,'VTkuRdNv'),(184,'Ali Toktaş','Matematik','Male',3.7,26,20,'-idJmF4*'),(185,'Duygu Erdem','Hukuk','Female',3.8,13,55,'U5QJNjaE'),(186,'Fatma Toktaş','Fizik','Female',4.7,2,5,'FIHkzoNz'),(187,'Emine Güneş','Psikoloji','Female',3.1,27,95,'HVEZgzEE'),(188,'Hatice Toktaş','Makine Mühendisliği','Female',2.4,22,40,'ZBf_49yA'),(189,'Nur Yılmaz','Matematik','Female',4.8,5,5,'46*WEJcg'),(190,'Sibel Demir','Bilgisayar Mühendisliği','Female',1.9,3,35,'g5DIKkXo'),(191,'Hatice Güneş','Makine Mühendisliği','Female',3.5,10,65,'RcYmzu8l'),(192,'Fatma Koç','Biyoloji','Female',4.3,6,0,'*Dj0.Y45'),(193,'Hasan Çetin','Medya','Male',2.5,17,65,'WlLml-O9'),(194,'Ege Erdem','İşletme','Male',0.5,44,25,'U.l0F7rn'),(195,'Merve Çetin','Fizik','Female',3.4,27,10,'goBKgzBE'),(196,'Oğuz Şahin','İşletme','Male',4.4,25,45,'0NC5CAmF'),(197,'Hasan Öztürk','Hukuk','Male',1,11,30,'4fPBCR_i'),(198,'Emine Altun','Hukuk','Female',3,12,35,'cSvhApTU'),(199,'Duygu Güneş','Bilgisayar Mühendisliği','Female',3,27,75,'i7*ixYSl'),(200,'Utku Demir','Makine Mühendisliği','Other',4.5,12,0,'he-xZiWU'),(201,'Zeynep Güneş','Bilgisayar Mühendisliği','Female',4.3,2,5,'Q6DtG4x-'),(202,'Oğuz Çetin','Biyoloji','Male',4.4,1,90,'oZnhgNpO'),(203,'Selin Çetin','Psikoloji','Female',3.4,22,85,'jtJUnusb'),(204,'Yasemin Güneş','Makine Mühendisliği','Female',3,22,95,'-jbEHTaH'),(205,'Hasan Kaya','Psikoloji','Male',3.7,2,35,'Md30_zhL'),(206,'Turan Erdem','Psikoloji','Male',3.9,23,35,'KJOjvqrd'),(207,'Cem Demir','Psikoloji','Male',3.6,8,80,'FRPUAX7c'),(208,'Ali Erdem','Fizik','Male',3.1,11,0,'FNVJ9IW7'),(209,'Doğa Aydın','Bilgisayar Mühendisliği','Other',4.2,4,5,'f7In-Xi1'),(210,'Emine Çetin','Matematik','Female',4.3,4,75,'knHWyI-.'),(211,'Sibel Şahin','Matematik','Female',1.8,39,30,'DSjpwGvM'),(212,'İpek Güneş','Matematik','Female',4.3,16,30,'rg6Noq_4'),(213,'Ege Polat','Biyoloji','Male',4.7,8,85,'NgiZKIa9'),(214,'Emine Güneş','Psikoloji','Female',4.6,7,65,'3smyRSJq'),(215,'Selim Kaya','Psikoloji','Male',3.1,28,80,'KwF2cwXk'),(216,'Murat Erdem','Makine Mühendisliği','Male',4.5,3,75,'gLy8JUsm'),(217,'Mustafa Erdem','Fizik','Male',4.6,22,30,'46Vm.SKR'),(218,'Elif Kaya','İşletme','Female',3.4,15,10,'uDYykoHK'),(219,'Oğuz Kaya','Fizik','Male',3.8,14,0,'HQtwIpl?'),(220,'Turan Yılmaz','Hukuk','Male',2.2,7,90,'DDESAzUg'),(221,'Cem Kaya','Biyoloji','Male',1.6,18,30,'KW_rHmkh'),(222,'Kaan Çelik','Hukuk','Male',3.7,5,30,'UPLRR*OK'),(223,'Utku Yılmaz','İşletme','Other',3.9,10,20,'jj4a.Npi'),(224,'İpek Kaya','Hukuk','Female',2.9,20,30,'!-R*K2Oo'),(225,'Fatma Şahin','İşletme','Female',1.8,13,80,'jd2v0oUq'),(226,'Nur Polat','Fizik','Female',3.2,9,30,'hr!vyF9h'),(227,'Murat Çetin','Makine Mühendisliği','Male',3.8,11,25,'Pu*R.B*.'),(228,'Cem Altun','Psikoloji','Male',2.6,29,65,'K1yxdUDv'),(229,'Deniz Aydın','Medya','Other',3,3,85,'aGBC!sFC'),(230,'Eren Altun','Hukuk','Male',3.5,7,90,'B9I0MiGU'),(231,'Berk Kaya','Psikoloji','Male',3.6,3,85,'Kd7*9vP-'),(232,'Kaan Demir','Matematik','Male',3.8,19,65,'bH9fNfA?'),(233,'Sinemis Toktaş','Biyoloji','Female',2.9,24,5,'rqtq!sZl'),(234,'Ayşe Koç','Matematik','Female',2.8,24,0,'Fmt.rBIE'),(235,'Yasemin Polat','Hukuk','Female',3.4,16,40,'g*ldOBmH'),(236,'Beren Çelik','Fizik','Female',4.3,30,55,'zAr0ti64'),(237,'Ceren Demir','İşletme','Female',1.1,43,40,'Qvtxjc.x'),(238,'Ali Yılmaz','Fizik','Male',4.4,48,65,'kLMrtp.5'),(239,'Ece Erdem','Biyoloji','Female',3.3,4,50,'Qz*yfNNE'),(240,'Osman Koç','Medya','Male',4,18,40,'9VWi6?JS'),(241,'Hasan Toktaş','Psikoloji','Male',4.1,11,95,'iCuer-Nx'),(242,'Büşra Koç','Fizik','Female',4.1,37,90,'2RWquLrT'),(243,'Deniz Koç','Bilgisayar Mühendisliği','Other',3.9,23,40,'Jyb6F78F'),(244,'İbrahim Erdem','İşletme','Male',2.7,4,20,'hcFHombY'),(245,'Osman Yılmaz','Psikoloji','Male',1.1,47,0,'wEnP7eIe'),(246,'Duygu Kaya','Biyoloji','Female',4.3,23,85,'poiHc?*u'),(247,'Nur Koç','Makine Mühendisliği','Female',1.8,14,10,'?0RCSb-h'),(248,'Eren Güneş','Bilgisayar Mühendisliği','Male',2.3,17,70,'?rDZO*KI'),(249,'Ahmet Aksoy','Psikoloji','Male',2.4,19,45,'nhR_rWHj'),(250,'Emre Yılmaz','Psikoloji','Male',0.7,8,55,'a*3_RFZC'),(251,'Utku Aydın','Hukuk','Other',1.9,3,60,'Ku6ALnYO'),(252,'Duygu Altun','Matematik','Female',1.9,18,65,'dCZHkaoF'),(253,'Ayşe Toktaş','İşletme','Female',3,2,20,'UowlAC0_'),(254,'Uğur Aksoy','İşletme','Male',3.9,34,25,'g3diNQvL'),(255,'Sibel Yılmaz','Fizik','Female',4.5,17,25,'jLBo1w-e'),(256,'Ozan Toktaş','Makine Mühendisliği','Other',1.8,13,25,'FLwMTKeq'),(257,'Turan Yılmaz','Makine Mühendisliği','Male',2.8,13,95,'C6ommnUP'),(258,'Eren Aydın','Biyoloji','Male',3.8,15,30,'61.XJl2N'),(259,'Ece Toktaş','Biyoloji','Female',1,9,35,'PRwiSb9i'),(260,'Beren Öztürk','Bilgisayar Mühendisliği','Female',3.6,4,95,'cXsRyTwA'),(261,'Hatice Erdem','Hukuk','Female',2,13,70,'65jKgVQk'),(262,'Uğur Toktaş','İşletme','Male',3.3,47,80,'P1CQrpMa'),(263,'Elif Aksoy','Hukuk','Female',2.4,4,80,'KW4Jz_oo'),(264,'Ege Toktaş','Hukuk','Male',0.3,13,15,'t8MBq7!-'),(265,'Cem Öztürk','İşletme','Male',4.1,41,95,'4iP3lgEz'),(266,'Emre Kaya','Fizik','Male',4.5,23,0,'?z4IMgsl'),(267,'Sinemis Kaya','Makine Mühendisliği','Female',4.7,8,25,'F?uK7B?N'),(268,'Murat Güneş','Bilgisayar Mühendisliği','Male',2.8,5,90,'?jUevyBs'),(269,'Fatma Koç','Hukuk','Female',3.8,1,95,'TxP-0wv2'),(270,'İbrahim Öztürk','Matematik','Male',3.2,20,80,'39sAFCq6'),(271,'Sinemis Çetin','Medya','Female',3,46,65,'vs7l.HNh'),(272,'Nur Yılmaz','Bilgisayar Mühendisliği','Female',3.2,28,25,'hPpjGzJh'),(273,'Yusuf Şahin','Matematik','Male',2.2,10,60,'_sfa2*xb'),(274,'İpek Çelik','Fizik','Female',4.2,9,80,'CkfX25O_'),(275,'Hüseyin Altun','İşletme','Male',4.4,7,80,'1VSkcZkN'),(276,'Selim Kaya','Matematik','Male',1.9,2,90,'dQ8YT_3z'),(277,'Duygu Kaya','Hukuk','Female',3.2,9,25,'-KDC*DZK'),(278,'Dilara Öztürk','Fizik','Female',3.5,25,30,'?b7dgtW1'),(279,'Zeynep Kaya','Makine Mühendisliği','Female',2.9,3,50,'fk1t8P7Q'),(280,'Sibel Altun','Medya','Female',4.4,6,50,'vk2Kf!gJ'),(281,'Oğuz Toktaş','Bilgisayar Mühendisliği','Male',3.9,5,95,'vaxe3x.a'),(282,'Merve Aksoy','Medya','Female',4.4,28,45,'PHtVXU8!'),(283,'Kaan Erdem','Biyoloji','Male',2.8,1,10,'TZr6*!hd'),(284,'Selim Yılmaz','İşletme','Male',4.1,3,55,'E-vC!kC8'),(285,'Sinemis Aydın','Matematik','Female',2.1,22,50,'EG9YHADs'),(286,'Duygu Koç','Hukuk','Female',4.7,30,5,'zEkwjv.s'),(287,'Elif Çetin','İşletme','Female',4.6,3,70,'R9tzEZ1?'),(288,'Turan Aydın','Hukuk','Male',4.4,10,80,'.0iRjCp8'),(289,'Fatma Aydın','Matematik','Female',3.2,11,70,'sLxCogE2'),(290,'Gül Aydın','Medya','Female',3.4,5,80,'8eqmJxxo'),(291,'Hatice Polat','Fizik','Female',2.2,8,40,'UHyAVvbI'),(292,'Selin Altun','Matematik','Female',4.1,8,95,'IPV?QEAt'),(293,'Büşra Yılmaz','Matematik','Female',2.1,4,55,'.9t0tJs_'),(294,'Emine Aydın','Bilgisayar Mühendisliği','Female',1.6,43,60,'JbYIZzQf'),(295,'Elif Öztürk','Hukuk','Female',3.9,10,65,'Os!dL-ls'),(296,'Oğuz Altun','Bilgisayar Mühendisliği','Male',1.2,23,20,'?7a3.Bll'),(297,'Hüseyin Toktaş','Matematik','Male',3.6,3,60,'wOLOR0uB'),(298,'Murat Aydın','Bilgisayar Mühendisliği','Male',4.8,6,75,'r0Aba.-u'),(299,'Dilara Öztürk','Matematik','Female',2,45,70,'0KMfcPTp'),(300,'Ceren Öztürk','Fizik','Female',3.8,8,25,'70I2aC?.'),(301,'Deniz Çetin','Biyoloji','Other',3.4,8,50,'gU4?lA6v'),(302,'Mustafa Toktaş','Matematik','Male',2.6,2,15,'H!nzG*oT'),(303,'Selim Şahin','Hukuk','Male',3.1,14,80,'8.iq3kOm'),(304,'Zeynep Demir','Bilgisayar Mühendisliği','Female',1.2,7,30,'j.sey6Ak'),(305,'Ceren Çetin','Hukuk','Female',3.5,26,10,'ubZ_Tu0K'),(306,'Nur Toktaş','Makine Mühendisliği','Female',2.4,28,40,'fDyd!!w6'),(307,'Mustafa Polat','İşletme','Male',2.9,29,45,'qzMmf.Kb'),(308,'Nur Demir','Psikoloji','Female',4.3,24,30,'WlBlSb_X'),(309,'İbrahim Yılmaz','Fizik','Male',3.7,11,15,'tSc!Nsiw'),(310,'Ege Demir','Matematik','Male',4.7,8,10,'S*tdp*qp'),(311,'Kaan Yılmaz','Bilgisayar Mühendisliği','Male',1.7,26,10,'xIZa7.!3'),(312,'Hasan Çetin','İşletme','Male',4.2,23,70,'t1odWZLk'),(313,'Arin Demir','Matematik','Other',4.8,5,75,'?hlLH3oO'),(314,'Cem Toktaş','İşletme','Male',3.1,4,85,'4s2UWWXO'),(315,'Havva Altun','Medya','Female',1.3,4,30,'IAH-uMXp'),(316,'Selim Toktaş','Biyoloji','Male',3.4,14,30,'cQ9_EP_h'),(317,'Selim Çetin','Bilgisayar Mühendisliği','Male',2,7,45,'Kd4C-zN3'),(318,'Elif Aydın','Medya','Female',3.6,1,5,'AH6U7WAr'),(319,'Berfin Şahin','Makine Mühendisliği','Female',4.2,23,10,'9Xu_PyOd'),(320,'Selin Çetin','İşletme','Female',1.8,7,95,'aEIqJnTB'),(321,'Sibel Öztürk','Medya','Female',0.4,2,5,'ugDaSuoy'),(322,'Hatice Çetin','Hukuk','Female',2.6,1,60,'DWE5.Q7I'),(323,'Ceren Çetin','İşletme','Female',4,13,35,'?CRze8k9'),(324,'Beren Koç','İşletme','Female',4.3,10,15,'XW9x-nno'),(325,'İpek Güneş','Makine Mühendisliği','Female',4.4,37,35,'iV5ELh6o'),(326,'Hasan Demir','Psikoloji','Male',2.3,19,0,'AvroQut2'),(327,'İpek Yılmaz','Fizik','Female',4,7,35,'y7MZFzAS'),(328,'Atalay Toktaş','Fizik','Male',3.2,2,10,'*8fNkFQu'),(329,'Ozan Öztürk','Bilgisayar Mühendisliği','Other',3,26,90,'wVC-OOv9'),(330,'Turan Çelik','Makine Mühendisliği','Male',1.6,15,60,'GaOExm9O'),(331,'Selim Öztürk','Medya','Male',4.8,43,50,'Ks-eVH*s'),(332,'Merve Yılmaz','Makine Mühendisliği','Female',4.5,3,40,'HHW8pMO8'),(333,'Atalay Çetin','Psikoloji','Male',3.1,12,65,'lvwgQq*u'),(334,'Zeynep Altun','Matematik','Female',2.4,3,85,'Vl9E3VNO'),(335,'Selim Çelik','Bilgisayar Mühendisliği','Male',4.7,13,50,'zOdxwVSr'),(336,'Osman Altun','Matematik','Male',1.4,27,20,'QzeBgHdK'),(337,'Berk Demir','Psikoloji','Male',2.7,6,15,'IjjTm7vt'),(338,'Hüseyin Altun','İşletme','Male',3.3,9,50,'t51Ifp9H'),(339,'Beren Yılmaz','Bilgisayar Mühendisliği','Female',3.5,1,40,'ZJKto!kd'),(340,'İbrahim Öztürk','Medya','Male',2.1,23,95,'4fgtXkFl'),(341,'Ayşe Kaya','Makine Mühendisliği','Female',3.6,26,95,'ZEm?MXvq'),(342,'Atalay Çetin','Makine Mühendisliği','Male',4.2,6,75,'G_n..PPE'),(343,'Yasemin Öztürk','Matematik','Female',4.8,1,25,'Kokc2OqF'),(344,'Emine Çetin','Medya','Female',2.4,5,35,'M*XbBVIK'),(345,'Ayşe Toktaş','Bilgisayar Mühendisliği','Female',1,8,15,'66mdbSu6'),(346,'İpek Koç','Bilgisayar Mühendisliği','Female',3.4,1,95,'jNwkc0iH'),(347,'Oğuz Altun','İşletme','Male',1.6,7,0,'S0K!.NjE'),(348,'Ege Toktaş','Biyoloji','Male',3.9,40,90,'5BAD0Aos'),(349,'Nur Güneş','Medya','Female',3.8,26,80,'i!yQu*-M'),(350,'Eren Şahin','Makine Mühendisliği','Male',4.4,10,55,'L987t-Sv'),(351,'Hasan Öztürk','Fizik','Male',1.8,9,55,'1VnqJt6l'),(352,'Mustafa Kaya','Bilgisayar Mühendisliği','Male',3.9,3,40,'T7!.8tU0'),(353,'İbrahim Erdem','Psikoloji','Male',4.5,28,30,'v5slS7a3'),(354,'Sinemis Yılmaz','Psikoloji','Female',4.8,19,15,'.I5?v1nX'),(355,'Berk Güneş','İşletme','Male',4.4,32,5,'ilwGgmlb'),(356,'Yıldız Çetin','Hukuk','Other',2,5,55,'wG-Raod9'),(357,'Yusuf Toktaş','Bilgisayar Mühendisliği','Male',3.3,35,55,'zp3ADg!p'),(358,'Atalay Koç','Matematik','Male',4.5,19,80,'h8qwSmij'),(359,'Hüseyin Erdem','Medya','Male',3.5,20,25,'LorFa3nb'),(360,'Ege Erdem','Matematik','Male',3,10,30,'FG6QS6k4'),(361,'Berk Şahin','Biyoloji','Male',3.7,22,25,'mYMupWWw'),(362,'Ali Çelik','Fizik','Male',3.6,23,50,'37w12Ot0'),(363,'Arin Erdem','Biyoloji','Other',3.9,17,80,'.-.Qaxpt'),(364,'Gül Kaya','Psikoloji','Female',4.8,5,50,'CxUA.!zF'),(365,'Ceren Erdem','Bilgisayar Mühendisliği','Female',3.7,12,0,'MSY_-u.7'),(366,'Fatma Yılmaz','Fizik','Female',3.7,6,40,'XtKTxUOb'),(367,'Osman Erdem','Bilgisayar Mühendisliği','Male',2.5,13,60,'iNuYg55W'),(368,'Fatma Altun','İşletme','Female',3.5,10,40,'MvTxEgS1'),(369,'İpek Çetin','İşletme','Female',3.7,28,45,'M8G.MEwe'),(370,'Sinemis Kaya','Medya','Female',4.3,2,40,'bHLxyh8o'),(371,'Hasan Çelik','İşletme','Male',1.5,6,0,'SP8k_WMv'),(372,'Furkan Koç','Makine Mühendisliği','Male',0.8,12,55,'kkLrCeeo'),(373,'Sibel Altun','Matematik','Female',4.2,8,45,'k*00j7.t'),(374,'Evren Güneş','Matematik','Other',2.5,46,0,'Zzofs4mT'),(375,'Mustafa Koç','Fizik','Male',3.3,4,95,'4SnPIKa_'),(376,'Gül Aksoy','Medya','Female',4.8,48,20,'Tz9-.Kwx'),(377,'Elif Yılmaz','Fizik','Female',3.6,28,35,'FkP?8y3n'),(378,'Beren Kaya','Medya','Female',4.8,10,55,'*77PNs*Z'),(379,'Hatice Aksoy','Hukuk','Female',4.1,3,95,'qXxYlrZD'),(380,'Havva Kaya','İşletme','Female',4.4,2,80,'XiyU-7uX'),(381,'Mustafa Çelik','Matematik','Male',0.6,28,50,'3_v4I!x6'),(382,'Sinemis Aksoy','Fizik','Female',4.2,5,40,'zTjKLJ5e'),(383,'Ayşe Toktaş','Makine Mühendisliği','Female',1.8,6,90,'ifniNqGx'),(384,'Büşra Yılmaz','İşletme','Female',4.7,8,95,'*?K8sTHS'),(385,'Oğuz Kaya','Psikoloji','Male',1.1,8,35,'3RCCuxQs'),(386,'Hasan Öztürk','Bilgisayar Mühendisliği','Male',3.2,35,35,'-B!5E.0p'),(387,'Uğur Demir','Fizik','Male',1.1,6,10,'ORP!9K-n'),(388,'Hatice Şahin','İşletme','Female',4.7,36,40,'t7hMo9sK'),(389,'Fatma Güneş','Biyoloji','Female',2,11,90,'qbczhA2o'),(390,'Hüseyin Aydın','İşletme','Male',3.6,8,45,'lmZiciN0'),(391,'Selim Yılmaz','İşletme','Male',4.5,11,25,'zx7NI6lk'),(392,'Büşra Polat','Hukuk','Female',3.9,24,55,'Z41v4kCF'),(393,'Ali Polat','Makine Mühendisliği','Male',3.4,2,15,'CKC4ytMs'),(394,'Fatma Erdem','Makine Mühendisliği','Female',3.5,12,10,'RY?Ksd0x'),(395,'Elif Erdem','Matematik','Female',4.5,33,40,'2tUHlxkO'),(396,'Beren Çelik','İşletme','Female',3.1,6,95,'fS?MeWc1'),(397,'Osman Aksoy','Matematik','Male',3.4,28,5,'GrZLuXhR'),(398,'Hasan Şahin','Biyoloji','Male',2,4,60,'i0UqUyqR'),(399,'Selin Koç','Bilgisayar Mühendisliği','Female',1.9,21,50,'IScIJ?Xf'),(400,'Sibel Güneş','Fizik','Female',4,23,15,'Ckmw_WE8'),(401,'Duygu Aydın','Medya','Female',4,16,35,'xD-!o1kn'),(402,'Elif Aksoy','Medya','Female',3,13,0,'G46sJry.'),(403,'Doğa Güneş','İşletme','Other',2.3,11,5,'xl_wXRz?'),(404,'Selim Toktaş','İşletme','Male',4.4,18,60,'Vt8q08-c'),(405,'Selin Erdem','Biyoloji','Female',3.8,29,5,'kN!Y5kvc'),(406,'Merve Güneş','Hukuk','Female',4.1,9,0,'cz8PKmGE'),(407,'Osman Erdem','Bilgisayar Mühendisliği','Male',3.3,15,15,'apJe2o9L'),(408,'İbrahim Toktaş','Bilgisayar Mühendisliği','Male',3.9,7,70,'vsnFHAB_'),(409,'Dilara Altun','Biyoloji','Female',4.6,7,90,'Ojetayb-'),(410,'İpek Demir','Psikoloji','Female',4.6,9,65,'!CP8Bc8g'),(411,'Yusuf Toktaş','İşletme','Male',1.3,2,60,'Drgx4z*f'),(412,'Beren Çelik','İşletme','Female',3,6,45,'i?TuyOfQ'),(413,'Hüseyin Şahin','Makine Mühendisliği','Male',2.6,11,75,'POnPLc9i'),(414,'Ahmet Çelik','Fizik','Male',4.5,7,5,'wCPiDL-A'),(415,'Nur Güneş','Biyoloji','Female',3.9,6,65,'yRoqihf9'),(416,'Dilara Öztürk','Bilgisayar Mühendisliği','Female',1.3,30,75,'QGZZzng0'),(417,'Berfin Öztürk','Bilgisayar Mühendisliği','Female',4.3,7,0,'DAIbD3aj'),(418,'İbrahim Güneş','Makine Mühendisliği','Male',2.9,8,50,'Iu9Lk67V'),(419,'Emre Yılmaz','Hukuk','Male',3.9,12,95,'xcIE3zHq'),(420,'Ali Kaya','İşletme','Male',1.4,9,20,'t?6mKUkG'),(421,'Beren Toktaş','Hukuk','Female',2.2,33,10,'mFmCcaj-'),(422,'Osman Koç','Fizik','Male',4.6,26,60,'PvMevnxU'),(423,'Sinemis Çelik','Bilgisayar Mühendisliği','Female',3.5,1,10,'_UN!yzVi'),(424,'Yusuf Demir','Makine Mühendisliği','Male',2.8,6,65,'QU!.Umf2'),(425,'Cem Altun','Psikoloji','Male',4.5,5,25,'LRt-ToZo'),(426,'Sinemis Çetin','Matematik','Female',4.6,3,15,'12U1tK1a'),(427,'Ayşe Aydın','Bilgisayar Mühendisliği','Female',2.3,19,75,'wCjiREhU'),(428,'Zeynep Toktaş','Biyoloji','Female',3.8,23,35,'3jaGfiKW'),(429,'Selim Koç','Matematik','Male',1.4,10,70,'OE69Ch5u'),(430,'Beren Öztürk','Medya','Female',4.8,14,10,'QZCSy1j7'),(431,'Kaan Güneş','Psikoloji','Male',4.4,5,10,'Sc0cAwSv'),(432,'Hasan Aksoy','Medya','Male',2.8,37,50,'xqWEeadv'),(433,'Eren Çetin','Hukuk','Male',4.6,4,10,'GrIGi?0.'),(434,'Fatma Polat','Fizik','Female',2.8,28,60,'XzuMSoXC'),(435,'Merve Altun','Makine Mühendisliği','Female',2.9,14,90,'tD7YuEfM'),(436,'Hüseyin Toktaş','Hukuk','Male',2.6,32,10,'VujdkwkK'),(437,'Doğa Polat','İşletme','Other',4.4,43,10,'7G5M0BYH'),(438,'Ali Öztürk','Makine Mühendisliği','Male',2.8,38,10,'BAne_ggv'),(439,'Ceren Şahin','Psikoloji','Female',2.8,9,75,'q4FfFOgG'),(440,'Büşra Altun','Matematik','Female',1.7,25,20,'-*eoYe3f'),(441,'Murat Şahin','Medya','Male',3.6,7,85,'B2t6hmJs'),(442,'Berk Güneş','Hukuk','Male',1.6,15,70,'M8u_S6_t'),(443,'Atalay Koç','Biyoloji','Male',4.6,26,50,'E?1rT29M'),(444,'Ahmet Aksoy','Medya','Male',3.1,24,50,'DLOpGqrf'),(445,'Emre Koç','Biyoloji','Male',4.2,15,40,'onS5begA'),(446,'Beren Çetin','Bilgisayar Mühendisliği','Female',4.7,6,40,'PBBMmD3z'),(447,'Duygu Demir','Fizik','Female',4.7,25,25,'a68J*Z4D'),(448,'Hatice Altun','İşletme','Female',1,37,45,'5IApDSnR'),(449,'Hatice Demir','İşletme','Female',1.5,10,15,'sDL8twXF'),(450,'Uğur Aksoy','Makine Mühendisliği','Male',1.2,9,10,'8kh0xwqS'),(451,'Selin Çelik','Hukuk','Female',3.2,8,90,'r4a3.AFi'),(452,'Ceren Kaya','Psikoloji','Female',3.6,24,35,'j6WdrY!1'),(453,'Atalay Polat','Hukuk','Male',2.9,1,20,'TaP_MV0Q'),(454,'Yasemin Güneş','Matematik','Female',4,6,0,'IgLyBwPU'),(455,'Berfin Aksoy','Makine Mühendisliği','Female',2.1,2,50,'tcU?v-zo'),(456,'Ayşe Demir','Medya','Female',3.3,2,75,'LQ?3wmyv'),(457,'Hatice Koç','İşletme','Female',3.3,2,90,'w6Rf46x.'),(458,'Emine Polat','Matematik','Female',4.3,34,50,'bgEb8-8E'),(459,'Selin Altun','Hukuk','Female',3.9,7,95,'0kHj6AZD'),(460,'Furkan Çelik','İşletme','Male',0.9,1,80,'YnMxIALj'),(461,'Atalay Erdem','Medya','Male',3.7,20,70,'pH5NaWEm'),(462,'Havva Polat','Makine Mühendisliği','Female',2.8,27,50,'LiveJbyh'),(463,'Duygu Şahin','Psikoloji','Female',2.5,6,0,'gvyKOXrf'),(464,'Turan Kaya','Fizik','Male',4.4,21,40,'u8cswzUk'),(465,'Evren Altun','Matematik','Other',0.8,48,90,'5tm1-IV6'),(466,'Selin Erdem','Psikoloji','Female',3.9,49,5,'uD7Dz1l5'),(467,'Gül Koç','Makine Mühendisliği','Female',2.4,31,95,'j_?spfrL'),(468,'Eda Çelik','Matematik','Female',1.3,13,75,'IzLdY9K8'),(469,'Uğur Aksoy','Psikoloji','Male',3.3,6,25,'2qSty3.e'),(470,'Ali Çetin','Matematik','Male',1.9,2,95,'M?1rQjqR'),(471,'Elif Yılmaz','Matematik','Female',4,4,40,'NG_Q**M5'),(472,'Berfin Güneş','Psikoloji','Female',2.1,4,0,'N2RWVEN9'),(473,'Berfin Polat','Psikoloji','Female',2.4,27,85,'7sRCRhA.'),(474,'Eren Yılmaz','Matematik','Male',3.5,2,15,'GrAnUdvF'),(475,'Ayşe Koç','Makine Mühendisliği','Female',2.8,14,45,'3qDJ5.UG'),(476,'Ece Polat','İşletme','Female',4,8,0,'nmC-8GuQ'),(477,'Hasan Çelik','Fizik','Male',3.6,9,50,'Fyf.!Z2y'),(478,'Hatice Demir','Psikoloji','Female',3.6,25,20,'6sZlEEf?'),(479,'Turan Koç','İşletme','Male',1.5,9,55,'Eic*oKEu'),(480,'Emre Koç','Fizik','Male',4.5,5,65,'GXV*.Fx4'),(481,'Mehmet Aksoy','Medya','Male',3.9,11,35,'oTq4x7bV'),(482,'Uğur Güneş','Matematik','Male',3.3,1,25,'SLNGbO3q'),(483,'Havva Toktaş','Psikoloji','Female',3.3,27,65,'Jm.sWvqR'),(484,'Doğa Aydın','Hukuk','Other',4.3,21,95,'wEX8PWLI'),(485,'Ayşe Koç','İşletme','Female',3.2,4,75,'Jabl1aSz'),(486,'İbrahim Şahin','İşletme','Male',4.3,4,60,'gL4PNO_q'),(487,'Murat Şahin','Fizik','Male',2.5,8,5,'k0v3IAz5'),(488,'Merve Yılmaz','Fizik','Female',3.3,21,40,'V7FUGxor'),(489,'Merve Aksoy','Fizik','Female',3.7,22,10,'HrJdS1w1'),(490,'Yıldız Çetin','Makine Mühendisliği','Other',4.1,7,10,'!KGmIakM'),(491,'Eda Aydın','Biyoloji','Female',4.5,10,25,'Fu36YK75'),(492,'Ayşe Aksoy','Biyoloji','Female',4.9,18,85,'PfDW-Aag'),(493,'Sinemis Güneş','Hukuk','Female',1.2,30,90,'gsucNCTy'),(494,'Atalay Yılmaz','Biyoloji','Male',4.6,19,15,'OcF*VFmE'),(495,'Furkan Koç','Fizik','Male',2.7,1,65,'jEW_z?Zm'),(496,'Ege Kaya','Hukuk','Male',0.5,20,55,'ph3U3uh.'),(497,'Eda Erdem','Biyoloji','Female',2.2,17,65,'h7scNZ?o'),(498,'Doğa Erdem','Medya','Other',3.6,3,10,'THi1JJIy'),(499,'Büşra Yılmaz','Psikoloji','Female',2.2,42,45,'O22OLg6M'),(500,'Merve Yılmaz','Matematik','Female',4.4,10,55,'Ir0kRior');
/*!40000 ALTER TABLE `Students` ENABLE KEYS */;
UNLOCK TABLES;

--
-- Table structure for table `TableDetails`
--

DROP TABLE IF EXISTS `TableDetails`;
/*!40101 SET @saved_cs_client     = @@character_set_client */;
/*!40101 SET character_set_client = utf8 */;
CREATE TABLE `TableDetails` (
  `TableID` char(4) NOT NULL,
  `TableNum` int DEFAULT NULL,
  `FloorNumber` int DEFAULT NULL,
  `Image` varchar(255) DEFAULT NULL,
  `HasPlug` tinyint(1) DEFAULT NULL,
  PRIMARY KEY (`TableID`)
) ENGINE=InnoDB DEFAULT CHARSET=utf8mb4 COLLATE=utf8mb4_0900_ai_ci;
/*!40101 SET character_set_client = @saved_cs_client */;

--
-- Dumping data for table `TableDetails`
--

LOCK TABLES `TableDetails` WRITE;
/*!40000 ALTER TABLE `TableDetails` DISABLE KEYS */;
INSERT INTO `TableDetails` VALUES ('0000',0,0,'dummy',0),('0001',1,0,'cubicle.jpg',1),('0002',2,0,'cubicle.jpg',1),('0003',3,0,'cubicle.jpg',1),('0004',4,0,'cubicle.jpg',1),('0005',5,0,'cubicle.jpg',1),('0006',6,0,'cubicle.jpg',1),('0007',7,0,'cubicle.jpg',1),('0008',8,0,'cubicle.jpg',1),('0009',9,0,'cubicle.jpg',1),('0010',10,0,'cubicle.jpg',1),('0011',11,0,'cubicle.jpg',1),('0012',12,0,'cubicle.jpg',1),('0013',13,0,'cubicle.jpg',1),('0014',14,0,'cubicle.jpg',1),('0015',15,0,'cubicle.jpg',1),('0016',16,0,'cubicle.jpg',1),('0017',17,0,'cubicle.jpg',1),('0018',18,0,'cubicle.jpg',1),('0019',19,0,'cubicle.jpg',1),('0020',20,0,'cubicle.jpg',1),('0021',21,0,'cubicle.jpg',1),('0022',22,0,'cubicle.jpg',1),('0023',23,0,'cubicle.jpg',1),('0024',24,0,'cubicle.jpg',1),('0025',25,0,'cubicle.jpg',1),('0026',26,0,'common-table.jpg',0),('0027',27,0,'common-table.jpg',0),('0028',28,0,'common-table.jpg',0),('0029',29,0,'common-table.jpg',0),('0030',30,0,'common-table.jpg',0),('0101',1,1,'cubicle.jpg',1),('0102',2,1,'cubicle.jpg',0),('0103',3,1,'cubicle.jpg',0),('0104',4,1,'cubicle.jpg',1),('0105',5,1,'common-table.jpg',1),('0106',6,1,'cubicle.jpg',1),('0107',7,1,'common-table.jpg',1),('0108',8,1,'cubicle.jpg',0),('0109',9,1,'cubicle.jpg',0),('0110',10,1,'cubicle.jpg',1),('0111',11,1,'common-table.jpg',0),('0112',12,1,'cubicle.jpg',0),('0113',13,1,'cubicle.jpg',0),('0114',14,1,'cubicle.jpg',1),('0115',15,1,'cubicle.jpg',0),('0116',16,1,'cubicle.jpg',1),('0117',17,1,'cubicle.jpg',0),('0118',18,1,'cubicle.jpg',1),('0119',19,1,'common-table.jpg',1),('0120',20,1,'cubicle.jpg',0),('0121',21,1,'square.jpg',0),('0122',22,1,'rectangle.jpg',0),('0123',23,1,'square.jpg',0),('0124',24,1,'square.jpg',0),('0125',25,1,'rectangle.jpg',0),('0126',26,1,'square.jpg',0),('0127',27,1,'rectangle.jpg',0),('0128',28,1,'square.jpg',0),('0129',29,1,'square.jpg',0),('0130',30,1,'rectangle.jpg',0),('0201',1,2,'common-table.jpg',0),('0202',2,2,'cubicle.jpg',0),('0203',3,2,'cubicle.jpg',1),('0204',4,2,'cubicle.jpg',1),('0205',5,2,'cubicle.jpg',1),('0206',6,2,'cubicle.jpg',1),('0207',7,2,'common-table.jpg',1),('0208',8,2,'common-table.jpg',0),('0209',9,2,'cubicle.jpg',0),('0210',10,2,'common-table.jpg',1),('0211',11,2,'common-table.jpg',1),('0212',12,2,'common-table.jpg',1),('0213',13,2,'cubicle.jpg',0),('0214',14,2,'cubicle.jpg',1),('0215',15,2,'cubicle.jpg',0),('0216',16,2,'cubicle.jpg',0),('0217',17,2,'common-table.jpg',1),('0218',18,2,'cubicle.jpg',1),('0219',19,2,'cubicle.jpg',1),('0220',20,2,'cubicle.jpg',0),('0221',21,2,'cubicle.jpg',0),('0222',22,2,'cubicle.jpg',1),('0223',23,2,'cubicle.jpg',0),('0224',24,2,'cubicle.jpg',1),('0225',25,2,'cubicle.jpg',1),('0226',26,2,'cubicle.jpg',1),('0227',27,2,'cubicle.jpg',0),('0228',28,2,'cubicle.jpg',0),('0229',29,2,'cubicle.jpg',1),('0230',30,2,'common-table.jpg',1),('0231',31,2,'cubicle.jpg',1),('0232',32,2,'cubicle.jpg',1),('0233',33,2,'cubicle.jpg',0),('0234',34,2,'cubicle.jpg',1),('0235',35,2,'cubicle.jpg',1),('0236',36,2,'cubicle.jpg',1),('0237',37,2,'cubicle.jpg',1),('0238',38,2,'cubicle.jpg',0),('0239',39,2,'common-table.jpg',0),('0240',40,2,'cubicle.jpg',1),('0241',41,2,'square.jpg',1),('0242',42,2,'square.jpg',1),('0243',43,2,'square.jpg',1),('0244',44,2,'square.jpg',1),('0245',45,2,'square.jpg',1),('0246',46,2,'square.jpg',1),('0247',47,2,'square.jpg',1),('0248',48,2,'square.jpg',1),('0249',49,2,'square.jpg',1),('0250',50,2,'square.jpg',1),('0301',1,3,'common-table.jpg',0),('0302',2,3,'cubicle.jpg',1),('0303',3,3,'with-computer.jpg',0),('0304',4,3,'common-table.jpg',1),('0305',5,3,'with-computer.jpg',0),('0306',6,3,'common-table.jpg',0),('0307',7,3,'cubicle.jpg',0),('0308',8,3,'common-table.jpg',0),('0309',9,3,'cubicle.jpg',0),('0310',10,3,'with-computer.jpg',0),('0311',11,3,'with-computer.jpg',1),('0312',12,3,'with-computer.jpg',1),('0313',13,3,'cubicle.jpg',0),('0314',14,3,'with-computer.jpg',0),('0315',15,3,'common-table.jpg',0),('0316',16,3,'cubicle.jpg',0),('0317',17,3,'with-computer.jpg',0),('0318',18,3,'common-table.jpg',0),('0319',19,3,'with-computer.jpg',1),('0320',20,3,'with-computer.jpg',0),('0321',21,3,'with-computer.jpg',0),('0322',22,3,'with-computer.jpg',1),('0323',23,3,'common-table.jpg',0),('0324',24,3,'common-table.jpg',0),('0325',25,3,'with-computer.jpg',0),('0326',26,3,'with-computer.jpg',0),('0327',27,3,'common-table.jpg',0),('0328',28,3,'with-computer.jpg',0),('0329',29,3,'common-table.jpg',0),('0330',30,3,'cubicle.jpg',0),('0331',31,3,'rectangle.jpg',0),('0332',32,3,'rectangle.jpg',0),('0333',33,3,'rectangle.jpg',1),('0334',34,3,'square.jpg',1),('0335',35,3,'rectangle.jpg',1),('0336',36,3,'rectangle.jpg',1),('0337',37,3,'square.jpg',0),('0338',38,3,'rectangle.jpg',1),('0339',39,3,'square.jpg',1),('0340',40,3,'rectangle.jpg',1),('0341',41,3,'rectangle.jpg',0),('0342',42,3,'rectangle.jpg',1),('0343',43,3,'square.jpg',1),('0344',44,3,'rectangle.jpg',1),('0345',45,3,'square.jpg',0),('0346',46,3,'rectangle.jpg',0),('0347',47,3,'square.jpg',0),('0348',48,3,'square.jpg',0),('0349',49,3,'rectangle.jpg',1),('0350',50,3,'rectangle.jpg',0);
/*!40000 ALTER TABLE `TableDetails` ENABLE KEYS */;
UNLOCK TABLES;

--
-- Table structure for table `TablesForFour`
--

DROP TABLE IF EXISTS `TablesForFour`;
/*!40101 SET @saved_cs_client     = @@character_set_client */;
/*!40101 SET character_set_client = utf8 */;
CREATE TABLE `TablesForFour` (
  `TableID` char(4) NOT NULL,
  PRIMARY KEY (`TableID`),
  CONSTRAINT `tablesforfour_ibfk_1` FOREIGN KEY (`TableID`) REFERENCES `TableDetails` (`TableID`)
) ENGINE=InnoDB DEFAULT CHARSET=utf8mb4 COLLATE=utf8mb4_0900_ai_ci;
/*!40101 SET character_set_client = @saved_cs_client */;

--
-- Dumping data for table `TablesForFour`
--

LOCK TABLES `TablesForFour` WRITE;
/*!40000 ALTER TABLE `TablesForFour` DISABLE KEYS */;
INSERT INTO `TablesForFour` VALUES ('0026'),('0027'),('0028'),('0029'),('0030'),('0121'),('0122'),('0123'),('0124'),('0125'),('0126'),('0127'),('0128'),('0129'),('0130'),('0241'),('0242'),('0243'),('0244'),('0245'),('0246'),('0247'),('0248'),('0249'),('0250'),('0331'),('0332'),('0333'),('0334'),('0335'),('0336'),('0337'),('0338'),('0339'),('0340'),('0341'),('0342'),('0343'),('0344'),('0345'),('0346'),('0347'),('0348'),('0349'),('0350');
/*!40000 ALTER TABLE `TablesForFour` ENABLE KEYS */;
UNLOCK TABLES;

--
-- Table structure for table `TablesForOne`
--

DROP TABLE IF EXISTS `TablesForOne`;
/*!40101 SET @saved_cs_client     = @@character_set_client */;
/*!40101 SET character_set_client = utf8 */;
CREATE TABLE `TablesForOne` (
  `TableID` char(4) NOT NULL,
  `HasComputer` tinyint(1) DEFAULT NULL,
  PRIMARY KEY (`TableID`),
  CONSTRAINT `tablesforone_ibfk_1` FOREIGN KEY (`TableID`) REFERENCES `TableDetails` (`TableID`)
) ENGINE=InnoDB DEFAULT CHARSET=utf8mb4 COLLATE=utf8mb4_0900_ai_ci;
/*!40101 SET character_set_client = @saved_cs_client */;

--
-- Dumping data for table `TablesForOne`
--

LOCK TABLES `TablesForOne` WRITE;
/*!40000 ALTER TABLE `TablesForOne` DISABLE KEYS */;
INSERT INTO `TablesForOne` VALUES ('0001',0),('0002',0),('0003',0),('0004',0),('0005',0),('0006',0),('0007',0),('0008',0),('0009',1),('0010',0),('0011',0),('0012',1),('0013',1),('0014',0),('0015',0),('0016',1),('0017',0),('0018',1),('0019',0),('0020',0),('0021',0),('0022',0),('0023',1),('0024',0),('0025',0),('0101',0),('0102',0),('0103',0),('0104',1),('0105',0),('0106',0),('0107',0),('0108',0),('0109',0),('0110',0),('0111',0),('0112',0),('0113',0),('0114',0),('0115',0),('0116',0),('0117',0),('0118',0),('0119',1),('0120',0),('0201',1),('0202',1),('0203',1),('0204',0),('0205',0),('0206',0),('0207',0),('0208',0),('0209',0),('0210',1),('0211',0),('0212',0),('0213',0),('0214',0),('0215',0),('0216',1),('0217',0),('0218',1),('0219',0),('0220',1),('0221',1),('0222',0),('0223',0),('0224',0),('0225',0),('0226',0),('0227',0),('0228',1),('0229',0),('0230',0),('0231',0),('0232',0),('0233',0),('0234',1),('0235',0),('0236',0),('0237',0),('0238',0),('0239',0),('0240',0),('0301',0),('0302',0),('0303',0),('0304',0),('0305',0),('0306',1),('0307',0),('0308',0),('0309',0),('0310',0),('0311',0),('0312',0),('0313',0),('0314',0),('0315',0),('0316',0),('0317',0),('0318',0),('0319',1),('0320',0),('0321',0),('0322',1),('0323',0),('0324',0),('0325',0),('0326',0),('0327',0),('0328',1),('0329',0),('0330',0);
/*!40000 ALTER TABLE `TablesForOne` ENABLE KEYS */;
UNLOCK TABLES;
/*!40103 SET TIME_ZONE=@OLD_TIME_ZONE */;

/*!40101 SET SQL_MODE=@OLD_SQL_MODE */;
/*!40014 SET FOREIGN_KEY_CHECKS=@OLD_FOREIGN_KEY_CHECKS */;
/*!40014 SET UNIQUE_CHECKS=@OLD_UNIQUE_CHECKS */;
/*!40101 SET CHARACTER_SET_CLIENT=@OLD_CHARACTER_SET_CLIENT */;
/*!40101 SET CHARACTER_SET_RESULTS=@OLD_CHARACTER_SET_RESULTS */;
/*!40101 SET COLLATION_CONNECTION=@OLD_COLLATION_CONNECTION */;
/*!40111 SET SQL_NOTES=@OLD_SQL_NOTES */;

-- Dump completed on 2025-01-22  1:30:16
